{"cameraMode":{"drawMode":0,"name":"Shaded","section":"Shading Mode"},"sceneLighting":true,"audioPlay":false,"sceneViewState":{"showFog":true,"showMaterialUpdate":false,"showSkybox":true,"showFlares":true,"showImageEffects":true,"showParticleSystems":true},"in2DMode":false,"pivot":{"x":2.021791458129883,"y":0.7460033893585205,"z":5.6666460037231449},"rotation":{"x":0.18917061388492585,"y":-0.04420492425560951,"z":0.008469701744616032,"w":0.980968713760376},"size":5.052845001220703,"orthographic":false}